relative_path,group,status,error,n_samples,duration_s,sampling_rate_hz,raw_frequency_hz,raw_peak_amplitude,processed_frequency_hz,processed_peak_amplitude
acoplado/scope_11_1.csv,acoplado,ok,,100000,29.999699999999997,3333.333333341102,36.33333333341801,0.10497489155968907,39.00938220278219,0.1375098893213073
acoplado/scope_12_1.csv,acoplado,ok,,100000,19.9998,5000.000000011653,36.35000000008471,0.1582152226044481,39.08893272105515,0.1745397833079546
acoplado/scope_13_1.csv,acoplado,ok,,100000,19.9998,5000.000000011653,36.35000000008471,0.15364924654783751,36.33776820742146,0.18403069032671673
acoplado/scope_14_1.csv,acoplado,ok,,100000,19.9998,5000.000000011653,36.35000000008471,0.12841840925904036,36.38057501364643,0.1356256006534393
acoplado/scope_15_1.csv,acoplado,ok,,100000,19.99979999999,5000.000000011653,36.35000000008471,0.1634175316585257,36.34358875551751,0.14920238554132104
acoplado/scope_16_1.csv,acoplado,ok,,100000,19.99979999999,5000.000000011653,36.35000000008471,0.1634175316585257,36.34358875551751,0.14920238554132104
acoplado/scope_17_1.csv,acoplado,ok,,100000,19.99979999999,5000.000000011653,37.950000000088444,0.2837948916381839,37.93839322291181,0.3028405362687039
acoplado/scope_18_1.csv,acoplado,ok,,100000,19.99979999999,5000.000000011653,38.10000000008879,0.13362090298713938,38.118228260348204,0.14862018234229357
acoplado/scope_19_1.csv,acoplado,ok,,100000,19.99980000001,5000.000000011653,2.45000000000571,0.32551523095858353,3.2544348131617005,0.27286581324559134
acoplado/scope_20_1.csv,acoplado,ok,,100000,19.99980000001,5000.000000011653,2.000000000004661,0.4113424950508822,1.9992729916440635,0.4501649495988777
acoplado/scope_21_1.csv,acoplado,ok,,99500,19.89980000001,5000.000000011653,1.1055276381935313,0.25577859771553685,44.47042081734291,0.10441529843197146
acoplado/scope_22_1.csv,acoplado,ok,,100000,19.999800000009998,5000.000000011653,1.0000000000023306,0.24063115091987078,1.0268228958711423,0.25765065979503626
acoplado/scope_23_1.csv,acoplado,ok,,100000,49.9995,2000.0000000046612,36.32000000008465,0.1973965692918974,36.32419641079086,0.17264023813881485
acoplado/scope_24_1.csv,acoplado,ok,,100000,99.999,1000.0000000023306,36.26000000008451,0.12395930406507907,36.27248599215945,0.42836746907696865
acoplado/scope_25_1.csv,acoplado,ok,,100000,99.999,1000.0000000023306,1.1000000000025636,0.08272871665700722,1.0997333665314872,0.09104228945317108
analysis_decimal/dados_precisos_pipeline.csv,analysis_decimal,ok,,44236,10.360899995,10000.000000023307,62.39262139448486,0.0020175222833332877,60.97837421241033,0.002775177080816992
arquivo.csv,.,ok,,40586,44.23400000003,1000.0000000005542,19.440201054561605,0.39299639122274554,19.447618101446373,0.362251882374327
centt/sinc_dados_calibrados_11.csv,centt,ok,,116124,116.123,999.9999999996661,4.951603458370431,1.8701792199388134,4.955358681786755,1.669962477220816
centt/sinc_dados_calibrados_12.csv,centt,ok,,118676,118.675,999.9999999987779,4.963092790448618,1.9199507603701778,4.964138523900179,1.9214364168913092
centt/sinc_dados_calibrados_13.csv,centt,ok,,117934,117.933,999.9999999987779,4.985839537362266,1.6155257729934531,4.986789679802929,1.5414720830619957
centt/sinc_dados_calibrados_14.csv,centt,ok,,116359,116.358,999.9999999996661,4.9845736041028745,1.6005237332324267,4.9856200595802465,1.576213276319953
centt/sinc_dados_calibrados_15.csv,centt,ok,,122814,122.813,999.9999999987779,4.983145244021464,1.5845944694048988,4.9865964849322655,1.53015794581631
centt/sinc_dados_calibrados_16.csv,centt,ok,,117936,117.934996,999.9999999987779,4.985754985748892,1.5981137411066033,4.986854380453578,1.554640485307673
centt/sinc_dados_calibrados_17.csv,centt,ok,,117290,117.289,999.9999999987779,4.987637479744948,1.536038528048946,4.982425007672306,1.5247245858347818
centt/sinc_dados_calibrados_18.csv,centt,ok,,121549,121.548,999.9999999987779,4.98564364987996,1.4943232503291617,4.979014072909725,1.3824823575142469
centt/sinc_dados_calibrados_19.csv,centt,ok,,114686,114.684996,999.9999999996661,4.987531172068159,1.4283555119151403,4.979853831258911,1.4517764494673782
centt/sinc_dados_calibrados_20.csv,centt,ok,,119752,119.751,999.9999999987779,4.985302959443437,1.578806152767154,4.986843753909455,1.4910470165451137
dados.csv,.,error,"No matching column found. Available columns: ['x-axis,1']",,,,,,,
dados_tratados.csv,.,ok,,44236,47.7461000054,1000.0000000005542,18.740392440556548,0.2845029860097638,18.728606356978595,0.3090693973590316
dadosccccc.csv,.,ok,,44236,8.999000005,10000.0000000011,16.954516683246283,0.0392591624896205,18.71345029240803,1.4641271925321107
Dataset_sensor/acoplado/dados_01.csv,Dataset_sensor/acoplado,ok,,8844,13.237816,654.450261780116,18.721835846943616,0.8202763846547071,18.693264547074758,1.0090091332870619
Dataset_sensor/acoplado/dados_02.csv,Dataset_sensor/acoplado,ok,,13723,22.011348,618.8118811886903,18.758707467353727,0.5349363456341095,18.79109192500373,0.6019157507303478
Dataset_sensor/acoplado/dados_03.csv,Dataset_sensor/acoplado,ok,,12783,20.421932,618.8118811886903,9.43974941968197,0.5013366520346043,9.460601849196784,0.5543465623708925
Dataset_sensor/acoplado/dados_04.csv,Dataset_sensor/acoplado,ok,,15866,25.439224,618.8118811886903,9.43857779198683,0.39598178757616076,9.436636369731144,0.4588113965751071
Dataset_sensor/acoplado/dados_05.csv,Dataset_sensor/acoplado,ok,,11708,18.745304,618.8118811883502,18.76308659223303,0.6358377360928538,18.76693995972931,0.7280100331138241
Dataset_sensor/acoplado/dados_06.csv,Dataset_sensor/acoplado,ok,,2040,3.12018,652.7415143604646,59.83463881637593,0.06283761173132499,59.86469137228571,0.0792258394758478
Dataset_sensor/acoplado/dados_07.csv,Dataset_sensor/acoplado,ok,,17273,26.629988,652.7415143606539,19.726224193612072,0.35977486335311215,9.897746508278583,0.4282760342531441
Dataset_sensor/acoplado/dados_08.csv,Dataset_sensor/acoplado,ok,,9444,14.603088,652.7415143606539,19.767479151540343,0.7953339932982385,19.75750024470571,0.9073493664682635
Dataset_sensor/acoplado/dados_09.csv,Dataset_sensor/acoplado,ok,,15233,23.715512,652.7415143602755,9.898463192885421,0.4486030895069851,9.910708561045768,0.4729038989365128
Dataset_sensor/acoplado/dados_10.csv,Dataset_sensor/acoplado,ok,,10814,16.677424,652.7415143606539,9.899168518138268,0.2834496034462904,9.85564528526297,0.325557741780957
Dataset_sensor/acoplado/dados_12.csv,Dataset_sensor/acoplado,ok,,10007,15.746164,620.3473945410489,18.845369035722882,0.7843723366357216,18.781736419461488,0.9756862330075402
Dataset_sensor/acoplado/dados_13.csv,Dataset_sensor/acoplado,ok,,12624,20.075212,618.8118811886903,9.460606231734571,0.45095648132909094,9.468289278970111,0.538289661397381
Dataset_sensor/acoplado/dados_14.csv,Dataset_sensor/acoplado,ok,,12254,19.423608,620.3473945403653,9.466701712016345,0.42569502384476854,9.511288843037969,0.5340348257657734
Dataset_sensor/acoplado/dados_15.csv,Dataset_sensor/acoplado,ok,,15689,24.498276,652.741514359897,1.040126066607013,0.4757638568365804,19.721740669702882,0.6572353373932749
Dataset_sensor/acoplado/dados_16.csv,Dataset_sensor/acoplado,ok,,11456,17.91324,652.741514359897,19.771412838938918,0.6737456914370608,19.74364787541719,0.8793358823313707
Dataset_sensor/acoplado/dados_17.csv,Dataset_sensor/acoplado,ok,,12087,18.919044,652.741514359897,9.936662417657075,0.5594099468506817,9.882693123718303,0.6904045079479091
Dataset_sensor/acoplado/dados_18.csv,Dataset_sensor/acoplado,ok,,13279,20.828144,652.741514359897,19.760681434797696,0.5071447732739652,19.747467797469145,0.5647876816556485
Dataset_sensor/acoplado/dados_19.csv,Dataset_sensor/acoplado,ok,,13507,21.441252,618.8118811886903,18.78380626988695,0.5887992018410294,18.822171262918793,0.6649410518660348
Dataset_sensor/acoplado/dados_20.csv,Dataset_sensor/acoplado,ok,,10212,16.260244,618.8118811886903,9.453060464692097,0.3353513602671922,9.43602647558445,0.36018503104357846
Dataset_sensor/acoplado/dados_21.csv,Dataset_sensor/acoplado,ok,,13448,21.281028,620.347394540707,9.456515160681509,0.5104424213833431,9.469754441418479,0.5829051703546367
Dataset_sensor/acoplado/dados_22.csv,Dataset_sensor/acoplado,ok,,13191,20.874048,620.347394540707,18.76420365565477,0.5260797258390986,9.430051946718283,0.6293647426665591
Dataset_sensor/acoplado/dados_23.csv,Dataset_sensor/acoplado,ok,,12361,19.56292,620.347394540878,9.434941361838447,0.5321318436966482,9.4257133007225,0.6281334853121295
Dataset_sensor/acoplado/dados_24.csv,Dataset_sensor/acoplado,ok,,14179,22.747616,618.8118811886903,18.810065645837188,0.5864680376218322,18.77415640805358,0.6325720326919178
Dataset_sensor/acoplado/dados_25.csv,Dataset_sensor/acoplado,ok,,9536,14.759568,652.7415143606539,19.713669896798272,0.8358958515536131,19.701832975957526,1.0392975132336237
Dataset_sensor/acoplado/dados_26.csv,Dataset_sensor/acoplado,ok,,11870,18.312316,652.7415143606539,19.741718926324747,0.6682189605699711,19.7325262599517,0.7801459427659141
Dataset_sensor/acoplado/dados_27.csv,Dataset_sensor/acoplado,ok,,11523,17.72794,652.7415143606539,9.913196651316012,0.371150354466786,9.946796899777265,0.4405939685448786
Dataset_sensor/acoplado/dados_28.csv,Dataset_sensor/acoplado,ok,,10665,16.462284,652.7415143606539,19.768917875151544,0.7471196996445929,19.775687611455307,0.860198851972735
Dataset_sensor/acoplado/dados_29.csv,Dataset_sensor/acoplado,ok,,9909,15.20166,652.7415143606539,9.74929297864333,0.27183052385348144,9.799872601661292,0.31435045043374743
Dataset_sensor/forcado/fundamental/dados_calibrados_01.csv,Dataset_sensor/forcado/fundamental,ok,,59764,59.763,1000.0000000005542,5.270731544076276,0.6888771223881504,5.259793626155778,0.7486328925712129
Dataset_sensor/forcado/fundamental/dados_calibrados_02.csv,Dataset_sensor/forcado/fundamental,ok,,46021,46.020004,1000.0000000001102,5.258468959823269,1.0591157985104682,5.267945122425679,1.2472092826237153
Dataset_sensor/forcado/fundamental/dados_calibrados_03.csv,Dataset_sensor/forcado/fundamental,ok,,42398,42.397,1000.0000000001102,5.25968206047513,0.9880249460711437,5.292872265361665,0.656429975877668
Dataset_sensor/forcado/fundamental/dados_calibrados_04.csv,Dataset_sensor/forcado/fundamental,ok,,64020,64.019,1000.0000000005542,5.263980006250965,1.0249617483266031,5.21285838402605,1.4353330050000401
Dataset_sensor/forcado/fundamental/dados_calibrados_05.csv,Dataset_sensor/forcado/fundamental,ok,,46910,46.909,1000.0000000001102,5.265401833298385,1.376840815584536,5.260495700568659,1.2918441486120422
Dataset_sensor/forcado/quarto/dados_calibrados_01.csv,Dataset_sensor/forcado/quarto,ok,,46525,46.523996,1000.0000000001102,5.201504567437435,0.029515115125627288,5.197556409501353,0.03318322885015098
Dataset_sensor/forcado/quarto/dados_calibrados_02.csv,Dataset_sensor/forcado/quarto,ok,,45876,45.875004,1000.0000000001102,59.94419740169812,0.026055332691916226,59.95544294950861,0.028720126527648483
Dataset_sensor/forcado/quarto/dados_calibrados_03.csv,Dataset_sensor/forcado/quarto,ok,,46052,46.051,1000.0000000001102,59.975679666470604,0.03002244652196792,59.97771319947348,0.031814049147893604
Dataset_sensor/forcado/quarto/dados_calibrados_04.csv,Dataset_sensor/forcado/quarto,ok,,45693,45.692,1000.0000000001102,59.96542139934568,0.027643325677135854,59.9715067502198,0.031908933486153125
Dataset_sensor/forcado/quarto/dados_calibrados_05.csv,Dataset_sensor/forcado/quarto,ok,,46403,46.402,1000.0000000001102,59.97457060966546,0.031165710487943747,59.97047073142342,0.03635964020015042
Dataset_sensor/forcado/segundo_harmonico/dados_calibrados_01.csv,Dataset_sensor/forcado/segundo_harmonico,ok,,47174,47.173,1000.0000000001102,31.118836647309145,0.0708001525743347,31.132075471715368,0.12138063505729363
Dataset_sensor/forcado/segundo_harmonico/dados_calibrados_02.csv,Dataset_sensor/forcado/segundo_harmonico,ok,,48171,48.17,1000.0000000001102,31.242863963799085,0.10074793802551721,31.243247914973455,0.09737386250368
Dataset_sensor/forcado/segundo_harmonico/dados_calibrados_03.csv,Dataset_sensor/forcado/segundo_harmonico,ok,,45799,45.798,1000.0000000001102,31.048712853995866,0.053912296936699015,31.045341805273768,0.07539887585969401
Dataset_sensor/forcado/segundo_harmonico/dados_calibrados_04.csv,Dataset_sensor/forcado/segundo_harmonico,ok,,50539,50.538,1000.0000000001102,31.243198322091335,0.10046202424668048,31.23625164980546,0.08245155250726147
Dataset_sensor/forcado/segundo_harmonico/dados_calibrados_05.csv,Dataset_sensor/forcado/segundo_harmonico,ok,,50718,50.717,1000.0000000001102,31.192081706695344,0.09084951428958671,31.19381727336012,0.0946022258283988
Dataset_sensor/forcado/terceiro/dados_calibrados_01.csv,Dataset_sensor/forcado/terceiro,ok,,62261,62.26,1000.0000000005542,5.171776874771984,0.08100894429735947,5.177568730404678,0.06396770762420291
Dataset_sensor/forcado/terceiro/dados_calibrados_02.csv,Dataset_sensor/forcado/terceiro,ok,,46508,46.507,1000.0000000001102,5.203405865658095,0.05881302256467543,5.172526681071741,0.07456361500638817
Dataset_sensor/forcado/terceiro/dados_calibrados_03.csv,Dataset_sensor/forcado/terceiro,ok,,45502,45.500996,1000.0000000001102,5.208562261000091,0.03471141926136743,5.205460562597058,0.02250676264780051
Dataset_sensor/forcado/terceiro/dados_calibrados_04.csv,Dataset_sensor/forcado/terceiro,ok,,45787,45.786,1000.0000000001102,5.197981959945535,0.045953030922290104,5.199449793675508,0.04562195873945949
Dataset_sensor/forcado/terceiro/dados_calibrados_05.csv,Dataset_sensor/forcado/terceiro,ok,,45836,45.835,1000.0000000001102,59.97469238154076,0.018639626329403563,60.00966480706337,0.022512266007313726
Dataset_sensor/inox/dados_calibrados_01.csv,Dataset_sensor/inox,ok,,82187,82.186,1000.0000000001102,4.97645613053214,2.1987872152517713,4.97586704483532,2.199122521029728
Dataset_sensor/inox/dados_calibrados_02.csv,Dataset_sensor/inox,ok,,57056,57.054996,1000.0000000005542,4.977565900171014,2.3694077606040542,4.977127172921332,2.4477722772618233
Dataset_sensor/inox/dados_calibrados_03.csv,Dataset_sensor/inox,ok,,57209,57.208,1000.0000000005542,4.981733643310632,1.1457900849902014,4.989855787687143,0.9358613133374012
Dataset_sensor/inox/dados_calibrados_04.csv,Dataset_sensor/inox,ok,,76352,76.351,1000.0000000001102,4.976948868399543,2.5520139679108627,4.974721941357661,2.4803038512772
Dataset_sensor/inox/dados_calibrados_05.csv,Dataset_sensor/inox,ok,,71151,71.15,1000.0000000005542,4.975334148503833,1.3113520471724178,4.979903061830399,1.7031065831322272
Dataset_sensor/inox/dados_calibrados_06.csv,Dataset_sensor/inox,ok,,77607,77.606004,1000.0000000001102,4.986663574162674,1.5391820948595907,4.983300641470184,1.8298669880045266
Dataset_sensor/inox/dados_calibrados_07.csv,Dataset_sensor/inox,ok,,69316,69.315,1000.0000000005542,4.977205839924277,1.5455695864006431,4.97867344360115,1.6768904936646425
Dataset_sensor/inox/dados_calibrados_08.csv,Dataset_sensor/inox,ok,,68134,68.133,1000.0000000005542,4.97548947662236,2.88542491446789,4.983036471588852,2.6823917108068973
Dataset_sensor/inox/dados_calibrados_09.csv,Dataset_sensor/inox,ok,,63010,63.009,1000.0000000005542,4.983335978418887,2.0208476978956997,4.982336865962902,2.1420921127125996
Dataset_sensor/inox/dados_calibrados_10.csv,Dataset_sensor/inox,ok,,64605,64.604004,1000.0000000005542,4.984134354928852,1.873241670407447,4.973992197662055,1.5648308351741462
Dataset_sensor/inox/dados_calibrados_11.csv,Dataset_sensor/inox,ok,,63832,63.831,1000.0000000005542,4.981827296656477,2.7805609336256376,4.98574338085816,2.501352998779969
Dataset_sensor/inox/dados_calibrados_12.csv,Dataset_sensor/inox,ok,,59571,59.57,1000.0000000005542,4.985647378760884,2.1946129549153,4.98426023085271,2.38361641034965
Dataset_sensor/inox/dados_calibrados_13.csv,Dataset_sensor/inox,ok,,56955,56.954,1000.0000000005542,4.986392766221709,2.3565006945542732,4.977509033259893,2.7041663978674246
Dataset_sensor/inox/dados_calibrados_14.csv,Dataset_sensor/inox,ok,,53619,53.618,1000.0000000005542,4.97957813461922,1.8154885554164366,4.974338728782859,1.5282069763932198
Dataset_sensor/inox/dados_calibrados_15.csv,Dataset_sensor/inox,ok,,57845,57.844,1000.0000000005542,4.978822715881401,2.246946678344121,4.9756684345809195,2.131291068107803
Dataset_sensor/inox/dados_calibrados_16.csv,Dataset_sensor/inox,ok,,54159,54.158,1000.0000000005542,4.985320999282661,2.496942361638024,4.976737090995055,2.544859348488988
Dataset_sensor/inox/dados_calibrados_17.csv,Dataset_sensor/inox,ok,,67801,67.8,1000.0000000005542,4.9851772097784295,1.9952560666143184,4.982357306198148,2.1106173254202125
Dataset_sensor/inox/dados_calibrados_19.csv,Dataset_sensor/inox,ok,,60664,60.663,1000.0000000005542,4.978240801796244,2.1878064180792616,4.982620755785854,2.3944036003132383
Dataset_sensor/inox/dados_calibrados_20.csv,Dataset_sensor/inox,ok,,65347,65.345996,1000.0000000005542,4.988752352826919,1.9026221315801308,4.988044528197092,2.0444149190485175
Dataset_sensor/inox/dados_calibrados_21.csv,Dataset_sensor/inox,ok,,63049,63.048,1000.0000000005542,4.980253453665785,1.976684243740463,4.982453817125187,2.123613234346301
Dataset_sensor/inox/dados_calibrados_22.csv,Dataset_sensor/inox,ok,,72148,72.147,1000.0000000005542,4.975882907359857,1.9616001917095442,4.982113632745676,2.379827463611675
Dataset_sensor/inox/dados_calibrados_23.csv,Dataset_sensor/inox,ok,,75743,75.742,1000.0000000005542,4.990560183782125,0.7733129585217389,4.983907546480755,1.0752040955722861
Dataset_sensor/inox/dados_calibrados_24.csv,Dataset_sensor/inox,ok,,65089,65.088,1000.0000000005542,4.977799628204144,1.6434211830956045,4.985997118484948,1.9013122397154698
Dataset_sensor/inox/dados_calibrados_25.csv,Dataset_sensor/inox,ok,,52481,52.480004,1000.0000000005542,4.992282921441001,0.9087122665296868,4.976218074266318,0.9208782002237929
Dataset_sensor/inox/dados_calibrados_26.csv,Dataset_sensor/inox,ok,,60128,60.127004,1000.0000000005542,4.972724853648312,2.576468127494675,4.976069941430268,2.9763969978372113
Dataset_sensor/inox/dados_calibrados_27.csv,Dataset_sensor/inox,ok,,66397,66.396,1000.0000000005542,4.985164992396998,2.7379946254720093,4.983775559319007,2.9515944582165288
Dataset_sensor/inox/dados_calibrados_28.csv,Dataset_sensor/inox,ok,,60615,60.614,1000.0000000005542,4.982265115898166,3.2035051901638125,4.980659295521878,3.3409015128118975
Dataset_sensor/inox/dados_calibrados_29.csv,Dataset_sensor/inox,ok,,67532,67.531,1000.0000000005542,4.975419060596253,3.1749228085034145,4.974668864069167,3.173433146288885
Dataset_sensor/inox/dados_calibrados_30.csv,Dataset_sensor/inox,ok,,64393,64.392,1000.0000000005542,4.985013899029054,1.4926590670372835,4.987007956620637,1.4463233910269981
Dataset_sensor/prof/dados_perfeitos.csv,Dataset_sensor/prof,ok,,44236,44.235,999.9999999987779,18.74039244052326,0.46994136994982766,18.72421453504535,0.45391359764248745
Dataset_sensor/ruido/dados_21.csv,Dataset_sensor/ruido,ok,,2561,25.6,100.00000000000213,39.98438110113322,0.056679974887089715,39.97361477571935,0.05730589328952303
Dataset_sensor/ruido/dados_22.csv,Dataset_sensor/ruido,ok,,1837,18.36,100.00000000000213,40.0108873162774,0.045831326366913845,39.941262848752686,0.04584094439393323
Dataset_sensor/ruido/dados_23.csv,Dataset_sensor/ruido,ok,,2595,25.94,100.00000000000213,40.000000000000846,0.051739655795829745,40.01650165016587,0.05798451397223268
Dataset_sensor/ruido/dados_24.csv,Dataset_sensor/ruido,ok,,2836,28.35,100.00000000000213,39.95063469675684,0.054381261282724074,39.95054750971473,0.05432367956841865
Dataset_sensor/ruido/dados_25.csv,Dataset_sensor/ruido,ok,,2716,27.15,100.00000000000213,40.02209131075196,0.037137425197532985,39.98344370860302,0.048459803960962965
Dataset_sensor/ruido/dados_26.csv,Dataset_sensor/ruido,ok,,1283,12.82,100.00000000000213,39.98441153546461,0.05227194734487661,39.966694421316426,0.05350218553399764
Dataset_sensor/ruido/dados_27.csv,Dataset_sensor/ruido,ok,,2688,26.87,100.00000000000213,39.99255952381037,0.04055341320816345,39.9325084364392,0.05081301615379626
Dataset_sensor/ruido/dados_28.csv,Dataset_sensor/ruido,ok,,2335,23.34,100.00000000000213,40.000000000000846,0.05397076100246557,39.991390443393016,0.0581818136991643
Dataset_sensor/ruido/dados_29.csv,Dataset_sensor/ruido,ok,,4264,42.63,100.00000000000213,39.98592870544175,0.05012099352107408,39.98591218596,0.050131737196871015
Dataset_sensor/ruido/dados_calibrados_01.csv,Dataset_sensor/ruido,ok,,68622,68.621,1000.0000000005542,4.969251843434889,0.9494887472093207,4.978760334356206,0.8683354595388737
Dataset_sensor/vibracao/dados_01.csv,Dataset_sensor/vibracao,ok,,3158,31.57,100.00000000000213,5.12982900569992,0.5259726159906338,5.1147047762317746,0.6411452162659931
Dataset_sensor/vibracao/dados_02.csv,Dataset_sensor/vibracao,ok,,3155,31.54,100.00000000000213,5.103011093502486,0.5942260763639983,5.110294117647168,0.72945878785275
Dataset_sensor/vibracao/dados_03.csv,Dataset_sensor/vibracao,ok,,3448,34.47,100.00000000000213,5.104408352668322,0.5889188851392687,5.127398553004198,0.6296903457424844
Dataset_sensor/vibracao/dados_04.csv,Dataset_sensor/vibracao,ok,,3336,33.35,100.00000000000213,5.1258992805756485,0.6142690759045684,5.112881806109007,0.6982273735390584
Dataset_sensor/vibracao/dados_05.csv,Dataset_sensor/vibracao,ok,,3386,33.85,100.00000000000213,5.1092734790314145,0.6341390985475424,5.125693764283491,0.6916367265727613
Dataset_sensor/vibracao/dados_06.csv,Dataset_sensor/vibracao,ok,,2773,27.72,100.00000000000213,5.120807789397874,0.46151050236293684,5.134281200632021,0.4650518975481137
Dataset_sensor/vibracao/dados_07.csv,Dataset_sensor/vibracao,ok,,3006,30.05,100.00000000000213,5.123087159015412,0.8063610766351829,5.128205128205237,0.8590325015591819
Dataset_sensor/vibracao/dados_08.csv,Dataset_sensor/vibracao,ok,,3153,31.52,100.00000000000213,5.106248017760972,0.7596376151744538,5.110007097232188,0.8484934600914196
Dataset_sensor/vibracao/dados_09.csv,Dataset_sensor/vibracao,ok,,3396,33.95,100.00000000000213,5.123674911660887,0.48915317147071075,5.107613234821825,0.47783608547210665
Dataset_sensor/vibracao/dados_10.csv,Dataset_sensor/vibracao,ok,,3151,31.5,100.00000000000213,5.109489051094999,0.7393332667249716,5.101351351351461,0.7470946599328473
Dataset_sensor/vibracao/dados_11.csv,Dataset_sensor/vibracao,ok,,3221,32.2,100.00000000000213,5.122632722757017,0.3236797602352609,5.109489051094999,0.32153642576574776
Dataset_sensor/vibracao/dados_12.csv,Dataset_sensor/vibracao,ok,,3118,31.169996,100.00000000000213,5.1314945477871525,0.5149640269130878,5.115001716443638,0.5968008588890801
Dataset_sensor/vibracao/dados_13.csv,Dataset_sensor/vibracao,ok,,3503,35.02,100.00000000000213,5.109905795032938,0.52819224085016,5.125113053964535,0.5240932851373002
Dataset_sensor/vibracao/dados_14.csv,Dataset_sensor/vibracao,ok,,3256,32.55,100.00000000000213,5.128992628992738,0.5262341777968813,5.129891483064891,0.5284567708557321
Dataset_sensor/vibracao/dados_15.csv,Dataset_sensor/vibracao,ok,,4212,42.11,100.00000000000213,5.10446343779688,0.5130394772574317,5.124340617935301,0.5100693149838675
Dataset_sensor/vibracao/dados_16.csv,Dataset_sensor/vibracao,ok,,1689,16.88,100.00000000000213,39.84606275902987,0.056397353175923114,39.86254295532731,0.05891585699813063
Dataset_sensor/vibracao/dados_18.csv,Dataset_sensor/vibracao,ok,,3499,34.98,100.00000000000213,5.115747356387648,0.3003209494020195,5.1033187226049925,0.3373240782267678
Dataset_sensor/vibracao/dados_19.csv,Dataset_sensor/vibracao,ok,,3794,37.93,100.00000000000213,5.1133368476543,0.3438932592675696,5.106026785714395,0.37072961252572034
Dataset_sensor/vibracao/dados_20.csv,Dataset_sensor/vibracao,ok,,4100,40.99,100.00000000000213,5.1219512195123045,0.5734093248192432,5.118565644881544,0.6481044406977344
Dataset_sensor/vibracao/dados_30.csv,Dataset_sensor/vibracao,error,not enough samples after onset crop,,,,,,,
Dataset_sensor/vibracao/dados_31.csv,Dataset_sensor/vibracao,ok,,5063,50.62,100.00000000000213,10.231088287576753,0.08562472216658548,5.129274395329551,0.08970552078796216
Dataset_sensor/vibracao/dados_32.csv,Dataset_sensor/vibracao,ok,,3400,33.99,100.00000000000213,10.235294117647276,0.20192904964940317,10.24250159540545,0.2304193628845669
Dataset_sensor/vibracao2/dados_01.csv,Dataset_sensor/vibracao2,ok,,12473,18.158804,692.5207756231619,11.326404091006577,1.5246925990831763,11.291099602544607,1.6080343018747836
Dataset_sensor/vibracao2/dados_02.csv,Dataset_sensor/vibracao2,ok,,13641,20.816584,654.4502617799258,11.08261934397499,1.7413030196209198,11.092200707499378,1.8682288650119905
Dataset_sensor/vibracao2/dados_03.csv,Dataset_sensor/vibracao2,ok,,13241,20.39014,652.7415143606539,11.289011916667151,1.484676765095611,11.320451656123906,1.532582865684074
Dataset_sensor/vibracao2/dados_04.csv,Dataset_sensor/vibracao2,ok,,13699,21.062148,652.7415143606539,11.245127190971187,1.167954461361325,11.215128059919278,1.2480237136305548
Dataset_sensor/vibracao2/dados_05.csv,Dataset_sensor/vibracao2,ok,,16824,25.813056,652.7415143614107,11.173891829296617,0.6628950352320337,11.154609714660216,0.6888597575904185
Dataset_sensor/vibracao2/dados_06.csv,Dataset_sensor/vibracao2,ok,,12268,18.891504,652.7415143606539,11.279850101439406,1.4902755129698104,11.288811050605297,1.5924974692219178
Dataset_sensor/vibracao2/dados_07.csv,Dataset_sensor/vibracao2,ok,,15185,23.323404,652.7415143614107,11.219330605750953,0.8940872778044635,11.231332691318887,0.9815583502745653
Dataset_sensor/vibracao2/dados_08.csv,Dataset_sensor/vibracao2,ok,,15344,23.562256,652.7415143614107,11.188152911695191,0.7754064808181905,11.214280254437181,0.894265375617303
Dataset_sensor/vibracao2/dados_09.csv,Dataset_sensor/vibracao2,ok,,16570,25.47722,652.7415143614107,11.266389445224108,1.0401469375120576,11.278471090477938,1.167532143804257
Dataset_sensor/vibracao2/dados_10.csv,Dataset_sensor/vibracao2,ok,,20958,32.103396,652.7415143614107,11.056552991616604,0.20263043452868146,11.061624238193264,0.22890047890237164
Dataset_sensor/vibracao2/dados_11.csv,Dataset_sensor/vibracao2,ok,,19113,29.2893,652.7415143614107,11.099303728742662,0.24276791312096793,11.107638835067405,0.26434987536127813
Dataset_sensor/vibracao2/dados_12.csv,Dataset_sensor/vibracao2,ok,,17502,26.948232,652.7415143614107,11.30046159590375,1.2022923248600277,11.291413194161668,1.2842462039172244
Dataset_sensor/vibracao2/dados_13.csv,Dataset_sensor/vibracao2,ok,,18490,28.48044,652.7415143614107,11.22616557960674,0.9295629289511769,11.256030093448302,1.415789509253005
Dataset_sensor/vibracao2/dados_14.csv,Dataset_sensor/vibracao2,ok,,17174,26.423864,652.7415143614107,11.250232226096285,1.0090803529122176,11.247425468671771,1.1294163648595255
Dataset_sensor/vibracao2/dados_15.csv,Dataset_sensor/vibracao2,ok,,16041,24.814048,652.7415143606539,11.271703726569486,1.2162107851283381,11.257809114074435,1.5176833177727886
Dataset_sensor/vibracao2/dados_16.csv,Dataset_sensor/vibracao2,ok,,16950,26.101204,652.7415143606539,11.283378389833132,1.134324572564185,11.291490070880792,1.2283657548368538
Dataset_sensor/vibracao2/dados_17.csv,Dataset_sensor/vibracao2,ok,,15355,23.67114,652.7415143606539,11.265158014039288,1.278509393063499,11.2717586689624,1.387917833956218
Dataset_sensor/vibracao2/dados_18.csv,Dataset_sensor/vibracao2,ok,,15265,23.529532,652.7415143606539,11.288814922450877,1.2257004687762068,11.258347433785392,1.3424868823596308
Dataset_sensor/vibracao2/dados_19.csv,Dataset_sensor/vibracao2,ok,,18473,28.471856,652.7415143614107,11.307166383134923,1.224736484229086,11.293903320518758,1.27935311019599
Dataset_sensor/vibracao2/dados_20.csv,Dataset_sensor/vibracao2,ok,,19113,29.457256,652.7415143614107,11.304213951427142,1.1767104772687933,11.311071068702363,1.2590976479281002
Dataset_sensor/vibracao2/dados_21.csv,Dataset_sensor/vibracao2,ok,,11720,18.16076,652.7415143604646,11.25032302907968,0.8298592750442864,11.274626157132031,0.9842660790592233
Dataset_sensor/vibracao2/dados_22.csv,Dataset_sensor/vibracao2,ok,,11736,18.235988,652.7415143602755,11.290603903811855,0.9773959255791237,11.251769028129882,1.1222086288149002
Dataset_sensor/vibracao2/dados_23.csv,Dataset_sensor/vibracao2,ok,,17625,27.682204,652.741514359897,11.295668759135808,0.7188271330852603,10.738752386505109,0.8277617033782342
Dataset_sensor/vibracao2/dados_24.csv,Dataset_sensor/vibracao2,ok,,14891,23.381036,652.741514359897,11.309335216228154,1.666416535059039,11.318131157690136,1.7583959069219333
Dataset_sensor/vibracao2/dados_25.csv,Dataset_sensor/vibracao2,ok,,17937,28.569436,618.8118811886903,10.729246532289832,0.8485365488498287,10.73196162592457,0.9460492761071744
Dataset_sensor/vibracao2/dados_26.csv,Dataset_sensor/vibracao2,ok,,16798,27.38598,618.8118811880952,11.30939680466396,1.3351512454862915,11.300405647037932,1.4818005335591589
Dataset_sensor/vibracao2/dados_27.csv,Dataset_sensor/vibracao2,ok,,11276,18.429616,618.8118811880101,11.250127318512067,1.4682122629952044,11.278138618181567,1.8482563703141994
Dataset_sensor/vibracao2/dados_28.csv,Dataset_sensor/vibracao2,ok,,12264,20.10998,618.8118811880101,11.302500113023015,1.8600391374445848,11.317977958781727,2.089339666992735
Dataset_sensor/vibracao2/dados_29.csv,Dataset_sensor/vibracao2,ok,,10954,17.986512,618.8118811880101,11.298372853533142,2.0666468211437103,11.297914455202536,2.261448886629503
Dataset_sensor/vibracao2/dados_30.csv,Dataset_sensor/vibracao2,ok,,13271,21.829784,618.8118811880101,11.330818109312519,1.7636289849605533,11.341809901425382,2.5670239821493284
Dataset_sensor/vibracao2/dados_31.csv,Dataset_sensor/vibracao2,ok,,14887,24.472776,618.8118811880101,11.306296210327046,1.6055851070276783,11.336345894583944,2.081075321687507
Dataset_sensor/vibracao2/dados_32.csv,Dataset_sensor/vibracao2,ok,,12868,21.117144,618.8118811880101,11.349052219487907,1.8632787049359116,11.333761676649125,2.2017323630407097
Dataset_sensor/vibracao2/dados_33.csv,Dataset_sensor/vibracao2,ok,,13046,21.439976,618.8118811880101,11.289071571573388,1.5413037227562938,11.306823751680112,1.7390365486184494
Dataset_sensor/vibracao2/dados_34.csv,Dataset_sensor/vibracao2,ok,,12308,20.16744,618.8118811880101,11.312371893670969,1.8535464945331521,11.291103181189085,2.1164870424366584
Dataset_sensor/vibracao2/dados_35.csv,Dataset_sensor/vibracao2,ok,,10783,17.70924,618.8118811880101,11.36277033063396,2.0828818287538353,11.360201614218832,2.353535255673272
Dataset_sensor/vibracao2/dados_36.csv,Dataset_sensor/vibracao2,ok,,11846,19.449104,618.8118811880101,11.335655767161759,1.995257653665571,11.296650508184243,2.146407130730911
Dataset_sensor/vibracao2/dados_37.csv,Dataset_sensor/vibracao2,ok,,13239,21.81508,618.8118811880101,11.311464253153444,1.8437342002411892,11.308736594489034,2.124585097638395
Dataset_sensor/vibracao2/dados_38.csv,Dataset_sensor/vibracao2,ok,,13252,22.14794,588.2352941177887,10.78638518492474,1.855961975759639,10.743797561111029,2.041349990577226
Dataset_sensor/vibracao2/dados_39.csv,Dataset_sensor/vibracao2,ok,,13623,22.47128,618.8118811880101,11.310589328034538,1.578135575596258,11.266411967281705,1.9018381790427137
Dataset_sensor/vibracao2/forcado/dados_calibrados_01.csv,Dataset_sensor/vibracao2/forcado,ok,,34702,34.701,999.9999999999991,10.719843236701044,0.2294666486192588,10.719754977015995,0.19714695228325912
Dataset_sensor/vibracao2/forcado/dados_calibrados_02.csv,Dataset_sensor/vibracao2/forcado,ok,,35574,35.573,999.9999999999991,59.98763141620279,0.02469274618123714,59.84251968517884,0.033082227339954494
Dataset_sensor/vibracao2/forcado/dados_calibrados_03.csv,Dataset_sensor/vibracao2/forcado,ok,,36705,36.704,999.9999999999991,59.991826726603946,0.02294069680990087,60.156571899604565,0.026199677147155858
Dataset_sensor/vibracao2/forcado/dados_calibrados_04.csv,Dataset_sensor/vibracao2/forcado,ok,,22903,22.902,999.9999999999991,59.992140767584985,0.029516004482204372,59.96483001175657,0.022290637513022144
Dataset_sensor/vibracao2/forcado/dados_calibrados_07.csv,Dataset_sensor/vibracao2/forcado,ok,,141211,141.21,999.9999999987779,10.742789159471613,0.038135855777207746,10.728465389211676,0.04119534211146572
Dataset_sensor/vibracao2/forcado/dados_calibrados_08.csv,Dataset_sensor/vibracao2/forcado,ok,,10654,10.653,1000.000000000006,59.97747324948412,0.026565336440823057,59.97355496789478,0.024775627217654538
df.csv,.,error,"No matching column found. Available columns: ['Time', 'Rge', 'Theta', 'Phi0', 'Vrad', 'Theta_rad', 'Phi0_rad']",,,,,,,
df_clean.csv,.,error,"No matching column found. Available columns: ['Rge', 'Theta', 'Phi0', 'Vrad', 'Theta_rad', 'Phi0_rad']",,,,,,,
df_full.csv,.,error,"No matching column found. Available columns: ['Date', 'Time', 'File', 'Rge', 'Ht', 'Vrad', 'delVr', 'Theta', 'Phi0', 'Ambig', 'Delphase', 'ant', 'pair', 'IREX', 'amax', 'Tau', 'vmet', 'snrdb']",,,,,,,
inox/dados/dados_calibrados_11.csv,inox/dados,ok,,119398,119.397,999.9999999987779,4.949831655465567,1.7494867570421564,4.953233865245238,1.8053927589004986
inox/dados/dados_calibrados_12.csv,inox/dados,ok,,120651,120.65,999.9999999987779,4.964732990188792,1.8717445024164787,4.96395625618829,1.8454845827524518
inox/dados/dados_calibrados_13.csv,inox/dados,ok,,120690,120.689,999.9999999987779,4.979700057993749,1.448566659471673,4.986789679802929,1.5414720830619955
inox/dados/dados_calibrados_14.csv,inox/dados,ok,,119628,119.627,999.9999999987779,4.982111211415986,1.483122470356319,4.9856200595802465,1.576213276319953
inox/dados/dados_calibrados_15.csv,inox/dados,ok,,123475,123.474,999.9999999987779,4.980765337106689,1.4859677544322665,4.9865964849322655,1.53015794581631
inox/dados/dados_calibrados_16.csv,inox/dados,ok,,120708,120.707,999.9999999987779,4.9872419392191425,1.4885468795079462,4.986854380458007,1.554640485307673
inox/dados/dados_calibrados_17.csv,inox/dados,ok,,120558,120.557,999.9999999987779,4.985152374784465,1.5852571814472178,4.982425007672306,1.5247245858347818
inox/dados/dados_calibrados_18.csv,inox/dados,ok,,124092,124.091,999.9999999987779,4.980175998446675,1.4208733309693853,4.979014072909725,1.3824823575142469
inox/dados/dados_calibrados_19.csv,inox/dados,ok,,117844,117.843,999.9999999987779,4.981161535583336,1.483322142269992,4.979853831254489,1.4517764494673782
inox/dados/dados_calibrados_20.csv,inox/dados,ok,,120158,120.157,999.9999999987779,4.985102947779324,1.5784601442545307,4.986843753909455,1.4910470165451137
inox/ruido/dados_calibrados_01.csv,inox/ruido,ok,,31151,31.15,999.9999999998881,59.9980738981025,0.18802775320182177,59.97515821841609,0.12738556247199326
inox/ruido/dados_calibrados_02.csv,inox/ruido,ok,,30832,30.831,999.9999999998881,60.00259470679142,0.11770315438212417,60.00124354901577,0.13499903429812027
inox/ruido/dados_calibrados_03.csv,inox/ruido,ok,,31037,31.035996,999.9999999998881,60.02513129489936,0.16175825258786178,60.03218884112835,0.15622467975965737
inox/ruido/dados_calibrados_04.csv,inox/ruido,ok,,31751,31.75,999.9999999998881,59.998110295732,0.17836895924003165,59.995714591741546,0.1848861419011261
inox/ruido/dados_calibrados_05.csv,inox/ruido,ok,,31696,31.695,999.9999999996661,59.97602221098452,0.18069120030122782,59.97107001840769,0.18044034238023296
inox/ruido/dados_calibrados_06.csv,inox/ruido,ok,,39224,39.223,999.9999999999991,60.03977156842744,0.14567885948399414,60.03437231458954,0.17583706110411912
inox/ruido/dados_calibrados_07.csv,inox/ruido,ok,,30390,30.389,999.9999999998881,59.986837775577364,0.13387305625440646,60.054690786632534,0.1868308638555669
inox/ruido/dados_calibrados_08.csv,inox/ruido,ok,,30709,30.708,999.9999999998881,59.9824155784882,0.1693019744463568,59.97280469480172,0.13508507420998914
inox/ruido/dados_calibrados_09.csv,inox/ruido,error,not enough samples after onset crop,,,,,,,
inox/ruido/dados_calibrados_10.csv,inox/ruido,ok,,30679,30.678,999.9999999998881,59.97587926594068,0.15150080782249595,59.99439304735871,0.18312106737454995
inox_centralizado/cent_exp_01.csv,inox_centralizado,ok,,3158,31.57,100.00000000000213,5.12982900569992,0.5259726159906338,5.1147047762317746,0.6411452162659931
inox_centralizado/cent_exp_02.csv,inox_centralizado,ok,,3155,31.54,100.00000000000213,5.103011093502486,0.5942260763639983,5.110294117647168,0.72945878785275
inox_centralizado/cent_exp_03.csv,inox_centralizado,ok,,3448,34.47,100.00000000000213,5.104408352668322,0.5889188851392687,5.127398553004198,0.6296903457424844
inox_centralizado/cent_exp_04.csv,inox_centralizado,ok,,3336,33.35,100.00000000000213,5.1258992805756485,0.6142690759045684,5.112881806109007,0.6982273735390584
inox_centralizado/cent_exp_05.csv,inox_centralizado,ok,,3386,33.849999999999994,100.00000000000213,5.1092734790314145,0.6341390985475422,5.125693764283491,0.6916367265727613
inox_centralizado/cent_exp_06.csv,inox_centralizado,ok,,2773,27.72,100.00000000000213,5.120807789397874,0.46151050236293684,5.134281200632021,0.46505189754811366
inox_centralizado/cent_exp_07.csv,inox_centralizado,ok,,3006,30.049999999999997,100.00000000000213,5.123087159015412,0.8063610766351829,5.128205128205237,0.8590325015591819
inox_centralizado/cent_exp_08.csv,inox_centralizado,ok,,3153,31.52,100.00000000000213,5.106248017760972,0.7596376151744538,5.110007097232188,0.8484934600914196
inox_centralizado/cent_exp_09.csv,inox_centralizado,ok,,3396,33.95,100.00000000000213,5.123674911660887,0.48915317147071075,5.107613234821825,0.47783608547210665
inox_centralizado/cent_exp_10.csv,inox_centralizado,ok,,3151,31.5,100.00000000000213,5.109489051094999,0.7393332667249716,5.101351351351461,0.7470946599328473
inox_centralizado/cent_exp_11.csv,inox_centralizado,ok,,3221,32.2,100.00000000000213,5.122632722757017,0.3236797602352609,5.109489051094999,0.32153642576574787
inox_centralizado/cent_exp_12.csv,inox_centralizado,ok,,3118,31.169995999999998,100.00000000000213,5.1314945477871525,0.5149640269130878,5.115001716443638,0.5968008588890797
inox_centralizado/cent_exp_13.csv,inox_centralizado,ok,,3503,35.019999999999996,100.00000000000213,5.109905795032938,0.52819224085016,5.125113053964535,0.5240932851373001
inox_centralizado/cent_exp_14.csv,inox_centralizado,ok,,3256,32.55,100.00000000000213,5.128992628992738,0.5262341777968813,5.129891483064891,0.528456770855732
inox_centralizado/cent_exp_15.csv,inox_centralizado,ok,,4212,42.11,100.00000000000213,5.10446343779688,0.5130394772574317,5.124340617935301,0.5100693149838675
inox_centralizado/cent_exp_16.csv,inox_centralizado,ok,,1689,16.88,100.00000000000213,39.84606275902987,0.056397353175923134,39.86254295532731,0.05891585699813064
inox_centralizado/cent_exp_17.csv,inox_centralizado,ok,,3499,34.980000000000004,100.00000000000213,5.115747356387648,0.30032094940201937,5.1033187226049925,0.3373240782267679
inox_centralizado/cent_exp_18.csv,inox_centralizado,ok,,3794,37.92999999999999,100.00000000000213,5.1133368476543,0.3438932592675696,5.106026785714395,0.37072961252572034
inox_centralizado/cent_exp_19.csv,inox_centralizado,ok,,4100,40.99,100.00000000000213,5.1219512195123045,0.5734093248192432,5.118565644881544,0.6481044406977343
inox_centralizado/cent_exp_20.csv,inox_centralizado,error,not enough samples after onset crop,,,,,,,
inox_centralizado/cent_exp_21.csv,inox_centralizado,ok,,5063,50.620000000000005,100.00000000000213,10.231088287576753,0.08562472216658547,5.129274395329551,0.08970552078796216
inox_centralizado/cent_exp_22.csv,inox_centralizado,ok,,3400,33.989999999999995,100.00000000000213,10.235294117647276,0.2019290496494032,10.24250159540545,0.23041936288456688
inox_centralizado/cent_exp_23.csv,inox_centralizado,ok,,75743,75.742,1000.0000000023306,4.990560183790991,0.7733129585217389,4.983907546471903,1.0752040955722861
inox_centralizado/cent_exp_24.csv,inox_centralizado,ok,,65089,65.088,999.9999999987779,4.977799628195302,1.6434211830956045,4.985997118493804,1.9013122397154698
inox_centralizado/cent_exp_25.csv,inox_centralizado,ok,,52481,52.480003999999994,999.9999999987779,4.992282921432134,0.9087122665296871,4.976218074257479,0.9208782002237929
inox_centralizado/cent_exp_26.csv,inox_centralizado,ok,,60128,60.127004,999.9999999987779,4.972724853639479,2.576468127494675,4.976069941430268,2.9763969978372113
inox_centralizado/cent_exp_27.csv,inox_centralizado,ok,,66397,66.39599999999999,999.9999999987779,4.985164992388142,2.7379946254720093,4.983775559310153,2.9515944582165288
inox_centralizado/cent_exp_28.csv,inox_centralizado,ok,,60615,60.614,999.9999999987779,4.982265115889317,3.2035051901638125,4.980659295521878,3.3409015128118975
inox_centralizado/cent_exp_29.csv,inox_centralizado,ok,,67532,67.531,999.9999999987779,4.975419060587416,3.1749228085034145,4.97466886406033,3.173433146288885
inox_centralizado/cent_exp_30.csv,inox_centralizado,ok,,64393,64.392,999.9999999987779,4.985013899020199,1.4926590670372835,4.9870079566117775,1.4463233910269981
novo_pipeline/centt/sinc_dados_calibrados_11.csv,novo_pipeline/centt,ok,,116124,116.123,999.9999999996661,4.951603458370431,1.8701792199388134,4.955358681786755,1.669962477220816
novo_pipeline/centt/sinc_dados_calibrados_12.csv,novo_pipeline/centt,ok,,118676,118.675,999.9999999987779,4.963092790448618,1.9199507603701778,4.964138523900179,1.9214364168913092
novo_pipeline/centt/sinc_dados_calibrados_13.csv,novo_pipeline/centt,ok,,117934,117.933,999.9999999987779,4.985839537362266,1.6155257729934531,4.986789679802929,1.5414720830619957
novo_pipeline/centt/sinc_dados_calibrados_14.csv,novo_pipeline/centt,ok,,116359,116.358,999.9999999996661,4.9845736041028745,1.6005237332324267,4.9856200595802465,1.576213276319953
novo_pipeline/centt/sinc_dados_calibrados_15.csv,novo_pipeline/centt,ok,,122814,122.813,999.9999999987779,4.983145244021464,1.5845944694048988,4.9865964849322655,1.53015794581631
novo_pipeline/centt/sinc_dados_calibrados_16.csv,novo_pipeline/centt,ok,,117936,117.934996,999.9999999987779,4.985754985748892,1.5981137411066033,4.986854380453578,1.554640485307673
novo_pipeline/centt/sinc_dados_calibrados_17.csv,novo_pipeline/centt,ok,,117290,117.289,999.9999999987779,4.987637479744948,1.536038528048946,4.982425007672306,1.5247245858347818
novo_pipeline/centt/sinc_dados_calibrados_18.csv,novo_pipeline/centt,ok,,121549,121.548,999.9999999987779,4.98564364987996,1.4943232503291617,4.979014072909725,1.3824823575142469
novo_pipeline/centt/sinc_dados_calibrados_19.csv,novo_pipeline/centt,ok,,114686,114.684996,999.9999999996661,4.987531172068159,1.4283555119151403,4.979853831258911,1.4517764494673782
novo_pipeline/centt/sinc_dados_calibrados_20.csv,novo_pipeline/centt,ok,,119752,119.751,999.9999999987779,4.985302959443437,1.578806152767154,4.986843753909455,1.4910470165451137
novo_pipeline/dado_validacao.csv,novo_pipeline/dado_validacao.csv,ok,,119752,119.751,999.9999999987779,4.985302959443437,1.5786464535883353,4.986593830650182,1.5096435511068422
novo_pipeline/relatorio_ruido_tcc.csv,novo_pipeline/relatorio_ruido_tcc.csv,error,"No matching column found. Available columns: ['Arquivo', 'Alpha', 'Classificacao', 'Potencia_Media']",,,,,,,
novo_pipeline/resultados_limpos/sinc_dados_calibrados_11.csv,novo_pipeline/resultados_limpos,ok,,116124,116.123,999.9999999996661,4.951603458370431,1.8701051780005202,4.952797684673097,1.8653681050854896
novo_pipeline/resultados_limpos/sinc_dados_calibrados_12.csv,novo_pipeline/resultados_limpos,ok,,118676,118.675,999.9999999987779,4.963092790448618,1.9180478930210008,4.964013012618877,1.9216258334591794
novo_pipeline/resultados_limpos/sinc_dados_calibrados_13.csv,novo_pipeline/resultados_limpos,ok,,117934,117.933,999.9999999987779,4.985839537362266,1.6151585237889972,4.986896674548011,1.5539513806942162
novo_pipeline/resultados_limpos/sinc_dados_calibrados_14.csv,novo_pipeline/resultados_limpos,ok,,116359,116.358,999.9999999996661,4.9845736041028745,1.6002826570330464,4.985601925472182,1.595879354837997
novo_pipeline/resultados_limpos/sinc_dados_calibrados_15.csv,novo_pipeline/resultados_limpos,ok,,122814,122.813,999.9999999987779,4.983145244021464,1.5824704138248935,4.984078637679081,1.6005027534397152
novo_pipeline/resultados_limpos/sinc_dados_calibrados_16.csv,novo_pipeline/resultados_limpos,ok,,117936,117.934996,999.9999999987779,4.985754985748892,1.5976016389237588,4.9867697944168645,1.5585773824223201
novo_pipeline/resultados_limpos/sinc_dados_calibrados_17.csv,novo_pipeline/resultados_limpos,ok,,117290,117.289,999.9999999987779,4.987637479744948,1.5337524824357063,4.9884881043684235,1.4603986330798409
novo_pipeline/resultados_limpos/sinc_dados_calibrados_18.csv,novo_pipeline/resultados_limpos,ok,,121549,121.548,999.9999999987779,4.98564364987996,1.4941858470772245,4.986874480527813,1.4005815921343479
novo_pipeline/resultados_limpos/sinc_dados_calibrados_19.csv,novo_pipeline/resultados_limpos,ok,,114686,114.684996,999.9999999996661,4.987531172068159,1.4274920381366671,4.979723542491688,1.4441214473768278
novo_pipeline/resultados_sincronizados_finais/sinc_dados_calibrados_11.csv,novo_pipeline/resultados_sincronizados_finais,ok,,116124,116.123,999.9999999996661,4.951603458370431,1.8701051780005205,4.952797684673097,1.8653681050854896
novo_pipeline/resultados_sincronizados_finais/sinc_dados_calibrados_12.csv,novo_pipeline/resultados_sincronizados_finais,ok,,118676,118.675,999.9999999987779,4.963092790448618,1.9180478930210008,4.964013012618877,1.9216258334591794
novo_pipeline/resultados_sincronizados_finais/sinc_dados_calibrados_13.csv,novo_pipeline/resultados_sincronizados_finais,ok,,117934,117.933,999.9999999987779,4.985839537362266,1.6151585237889972,4.986896674548011,1.5539513806942162
novo_pipeline/resultados_sincronizados_finais/sinc_dados_calibrados_14.csv,novo_pipeline/resultados_sincronizados_finais,ok,,116359,116.358,999.9999999996661,4.9845736041028745,1.6002826570330464,4.985601925472182,1.5958793548379973
novo_pipeline/resultados_sincronizados_finais/sinc_dados_calibrados_15.csv,novo_pipeline/resultados_sincronizados_finais,ok,,122814,122.813,999.9999999987779,4.983145244021464,1.5824704138248933,4.984078637679081,1.6005027534397152
novo_pipeline/resultados_sincronizados_finais/sinc_dados_calibrados_16.csv,novo_pipeline/resultados_sincronizados_finais,ok,,117936,117.934996,999.9999999987779,4.985754985748892,1.5976016389237588,4.9867697944168645,1.5585773824223201
novo_pipeline/resultados_sincronizados_finais/sinc_dados_calibrados_17.csv,novo_pipeline/resultados_sincronizados_finais,ok,,117290,117.289,999.9999999987779,4.987637479744948,1.5337524824357063,4.9884881043684235,1.4603986330798409
novo_pipeline/resultados_sincronizados_finais/sinc_dados_calibrados_18.csv,novo_pipeline/resultados_sincronizados_finais,ok,,121549,121.548,999.9999999987779,4.98564364987996,1.4941858470772245,4.986874480527813,1.4005815921343476
novo_pipeline/resultados_sincronizados_finais/sinc_dados_calibrados_19.csv,novo_pipeline/resultados_sincronizados_finais,ok,,114686,114.684996,999.9999999996661,4.987531172068159,1.4274920381366671,4.979723542491688,1.4441214473768278
novo_pipeline/resultados_sincronizados_finais/sinc_dados_calibrados_20.csv,novo_pipeline/resultados_sincronizados_finais,ok,,119752,119.751,999.9999999987779,4.985302959443437,1.5786464535883353,4.986593830650182,1.5096435511068422
oscilacoesAmortecidas/scope_0_1.csv,oscilacoesAmortecidas,ok,,100000,39.9996,2500.0000000058267,18.7500000000437,0.4554347731823794,18.760578315262222,0.4864359673074538
oscilacoesAmortecidas/scope_1.csv,oscilacoesAmortecidas,ok,,1000,39.96,25.000000000000533,6.250000000000133,0.4326846426671509,6.237060041408001,0.4496715858811939
oscilacoesAmortecidas/scope_10_1.csv,oscilacoesAmortecidas,ok,,100000,19.9998,5000.000000011653,18.7500000000437,0.9064387138613609,18.776395388698024,0.9037625435234922
oscilacoesAmortecidas/scope_2_1.csv,oscilacoesAmortecidas,ok,,200000,39.9998,5000.000000011653,18.7500000000437,0.4342860028517985,18.75623066571005,0.46950397110050474
oscilacoesAmortecidas/scope_4_1.csv,oscilacoesAmortecidas,ok,,100000,19.9998,5000.000000011653,18.7500000000437,0.8826048679645617,18.75103994679843,1.140464347155835
oscilacoesAmortecidas/scope_5_1.csv,oscilacoesAmortecidas,ok,,100000,19.9998,5000.000000011653,18.7500000000437,0.9009221666995629,18.744835921068734,1.0793137168153981
oscilacoesAmortecidas/scope_6_1.csv,oscilacoesAmortecidas,ok,,100000,19.9998,5000.000000011653,18.7500000000437,0.9315862566370677,18.780609280362523,0.8305719606409432
oscilacoesAmortecidas/scope_7_1.csv,oscilacoesAmortecidas,ok,,100000,19.9998,5000.000000011653,18.7500000000437,0.9149711519236151,18.77651313201251,0.909919951727327
oscilacoesAmortecidas/scope_8_1.csv,oscilacoesAmortecidas,ok,,100000,19.9998,5000.000000011653,18.7500000000437,0.9131939663024715,18.749046196821478,0.9798374747188858
oscilacoesAmortecidas/scope_9_1.csv,oscilacoesAmortecidas,ok,,100000,19.9998,5000.000000011653,18.7500000000437,0.9402385664849248,18.782002854068786,0.8261023105234896
passofrente.csv,.,ok,,111708,111.707,999.9999999996661,60.02255881403087,0.1176898918575288,60.021262592950485,0.1176115093600653
passotras.csv,.,ok,,167297,167.295996,999.9999999952252,60.01303071753863,0.10782867886133769,60.016107978717514,0.12689344380239698
prof/dado/corrigidos/clean_validacao1.csv,prof/dado/corrigidos,ok,,97843,39.1368,2500.0000000058267,18.754535327047172,0.4704761161115444,18.761821992784384,0.47525982194520894
prof/dado/corrigidos/clean_validacao2.csv,prof/dado/corrigidos,ok,,194347,38.8692,5000.000000011653,18.755113276811553,0.4616397758810525,18.75569231406906,0.46324554427545445
prof/dado/corrigidos/sinc_sinc_scope_04.csv,prof/dado/corrigidos,ok,,77528,15.505400000000003,5000.000000011653,18.76741306371106,1.1524790049829177,18.781221360294705,1.024184502117987
prof/dado/corrigidos/sinc_sinc_scope_05.csv,prof/dado/corrigidos,ok,,80187,16.037200000000006,5000.000000011653,18.768628331319384,1.1236984159159262,18.74897761451942,1.1020689172356957
prof/dado/corrigidos/sinc_sinc_scope_06.csv,prof/dado/corrigidos,ok,,94587,18.9172,5000.0000000102655,18.765792339366342,0.9817807938195394,18.748411151635814,0.9677375212341484
prof/dado/corrigidos/sinc_sinc_scope_07.csv,prof/dado/corrigidos,ok,,87916,17.583000000000002,5000.000000011653,18.767914827833902,1.028257409295749,18.77651313201251,0.9099199517273269
prof/dado/corrigidos/sinc_sinc_scope_08.csv,prof/dado/corrigidos,ok,,91627,18.3252,5000.000000011653,18.771759415936444,0.9421285062236268,18.745889059460485,0.9375718392340952
prof/dado/corrigidos/sinc_sinc_scope_09.csv,prof/dado/corrigidos,ok,,93792,18.7582,5000.000000011653,18.764926646239573,1.0022045417994383,18.74925705397888,0.9516001042159621
prof/dado/corrigidos/sinc_sinc_scope_10.csv,prof/dado/corrigidos,ok,,88715,17.7428,5000.000000011653,18.76796483124478,1.0066170078305994,18.776395388698024,0.9037625435234922
prof/dado/corrigidos/svd_resultados/clean_sinc_sinc_scope_04.csv,prof/dado/corrigidos/svd_resultados,ok,,77528,15.505400000000003,5000.000000011653,18.76741306371106,1.1524924632423852,18.78000929324424,1.0387915382188047
prof/dado/corrigidos/svd_resultados/clean_sinc_sinc_scope_05.csv,prof/dado/corrigidos/svd_resultados,ok,,80187,16.037200000000006,5000.000000011653,18.768628331319384,1.12370890962665,18.77963563767791,1.0154366591599675
prof/dado/corrigidos/svd_resultados/clean_sinc_sinc_scope_06.csv,prof/dado/corrigidos/svd_resultados,ok,,94587,18.9172,5000.0000000102655,18.765792339366342,0.9817800268502281,18.7733344615347,0.9226872028716906
prof/dado/corrigidos/svd_resultados/clean_sinc_sinc_scope_07.csv,prof/dado/corrigidos/svd_resultados,ok,,87916,17.583000000000002,5000.000000011653,18.767914827833902,1.0282574296178046,18.776030405833605,0.955891433714966
prof/dado/corrigidos/svd_resultados/clean_sinc_sinc_scope_08.csv,prof/dado/corrigidos/svd_resultados,ok,,91627,18.3252,5000.000000011653,18.771759415936444,0.9421246832085769,18.77462805501412,0.9153826973856055
prof/dado/corrigidos/svd_resultados/clean_sinc_sinc_scope_09.csv,prof/dado/corrigidos/svd_resultados,ok,,93792,18.7582,5000.000000011653,18.764926646239573,1.0022132979893752,18.774334631224086,0.9253537304744862
prof/dado/corrigidos/svd_resultados/clean_sinc_sinc_scope_10.csv,prof/dado/corrigidos/svd_resultados,ok,,88715,17.7428,5000.000000011653,18.76796483124478,1.0066144534884418,18.77600730746282,0.9349893005335415
prof/dado/corrigidos/validacao1.csv,prof/dado/corrigidos,ok,,97843,39.1368,2500.0000000058267,18.754535327047172,0.4704766389991235,18.760671090207406,0.47631915252115625
prof/dado/corrigidos/validacao2.csv,prof/dado/corrigidos,ok,,194347,38.8692,5000.000000011653,18.755113276811553,0.46164164328826224,18.769800324626477,0.4197433476074152
prof/dado/sinc_sinc_scope_04.csv,prof/dado,ok,,77528,15.505400000000003,5000.000000011653,18.76741306371106,1.1524790049829177,18.781221360294705,1.024184502117987
prof/dado/sinc_sinc_scope_05.csv,prof/dado,ok,,80187,16.037200000000006,5000.000000011653,18.768628331319384,1.123698415915926,18.74897761451942,1.1020689172356959
prof/dado/sinc_sinc_scope_06.csv,prof/dado,ok,,94587,18.9172,5000.000000011653,18.76579233937155,0.9817807938195394,18.77525908801168,0.8962430566820815
prof/dado/sinc_sinc_scope_07.csv,prof/dado,ok,,87916,17.583000000000002,5000.000000011653,18.767914827833902,1.028257409295749,18.77651313201251,0.909919951727327
prof/dado/sinc_sinc_scope_08.csv,prof/dado,ok,,91627,18.3252,5000.000000011653,18.771759415936444,0.9421285062236268,18.745889059460485,0.9375718392340952
prof/dado/sinc_sinc_scope_09.csv,prof/dado,ok,,93792,18.758200000000002,5000.000000011653,18.764926646239573,1.0022045417994383,18.74925705397888,0.9516001042159622
prof/dado/sinc_sinc_scope_10.csv,prof/dado,ok,,88715,17.7428,5000.000000011653,18.76796483124478,1.0066170078305994,18.74531367162579,0.9610813089270651
prof/dado/validacao1.csv,prof/dado,ok,,97843,39.1368,2500.0000000058267,18.754535327047172,0.4704766389991235,18.760671090207406,0.47631915252115625
prof/dado/validacao2.csv,prof/dado,ok,,194347,38.8692,5000.000000011653,18.755113276811553,0.46164164328826224,18.769800324626477,0.4197433476074152
prof/dados_prontos_tcc.csv,prof,ok,,77944,15.588600000000003,5000.000000011653,18.73139690038236,0.9469711668142573,18.768623505326044,1.1450618413745235
prof/dados_tratados/sinc_scope_01.csv,prof/dados_tratados,ok,,97843,39.1368,2500.0000000058267,18.754535327047172,0.4704766389991235,18.760671090207406,0.47631915252115625
prof/dados_tratados/sinc_scope_03.csv,prof/dados_tratados,ok,,194347,38.8692,5000.000000011653,18.755113276811553,0.4616416432882623,18.768923400179684,0.44430310870122897
prof/dados_tratados/sinc_scope_04.csv,prof/dados_tratados,ok,,99594,19.9186,5000.000000011653,18.77623149993331,0.8350250709485484,18.75103994679843,1.140464347155835
prof/dados_tratados/sinc_scope_05.csv,prof/dados_tratados,ok,,99538,19.907400000000003,5000.000000011653,18.736562920737274,0.8036541656614854,18.744835921068734,1.0793137168153983
prof/dados_tratados/sinc_scope_06.csv,prof/dados_tratados,ok,,96082,19.2162,5000.000000011653,18.733998043381643,0.8083826935793132,18.766585961580166,0.9770245856029579
prof/dados_tratados/sinc_scope_07.csv,prof/dados_tratados,ok,,99080,19.815800000000003,5000.000000011653,18.772708922126917,0.8784508047604038,18.77651313201251,0.909919951727327
prof/dados_tratados/sinc_scope_08.csv,prof/dados_tratados,ok,,96708,19.3414,5000.000000011653,18.767837200688984,0.9329993459411718,18.749046196821478,0.9798374747188859
prof/dados_tratados/sinc_scope_09.csv,prof/dados_tratados,ok,,95011,19.002,5000.000000011653,18.734672827400495,0.8348044298085743,18.765927047502338,0.9964052483746958
prof/dados_tratados/sinc_scope_10.csv,prof/dados_tratados,ok,,99638,19.9274,5000.000000011653,18.767939942635923,0.8972319598749513,18.74531367162579,0.9610813089270651
prof/prikito_05.csv,prof,ok,,80904,16.180600000000005,5000.000000011653,18.787699001329262,0.9058922927833167,18.769564620973366,1.1168468671915872
prof/sinc_scope_01.csv,prof,ok,,98143,39.2568,2500.0000000058267,18.748153205060863,0.4539845656508334,18.749299448773534,0.4603155944917444
prof/sinc_scope_02.csv,prof,ok,,1000,39.96,25.000000000000533,6.250000000000133,0.4326846426671509,6.237060041408001,0.4496715858811939
prof/sinc_scope_03.csv,prof,ok,,194647,38.9292,5000.000000011653,18.7518944551342,0.4547248418945933,18.767417706202536,0.4551641591428678
prof/sinc_scope_04.csv,prof,ok,,99894,19.9786,5000.000000011653,18.769896089898992,0.8739845315064568,18.75103994679843,1.1404643471558347
prof/sinc_scope_05.csv,prof,ok,,99838,19.9674,5000.000000011653,18.78042428738927,0.806815224052298,18.744835921068734,1.079313716815398
prof/sinc_scope_06.csv,prof,ok,,96382,19.2762,5000.000000011653,18.779440144469074,0.8446109811483863,18.780609280362523,0.8305719606409435
prof/sinc_scope_07.csv,prof,ok,,99380,19.8758,5000.000000011653,18.766351378590727,0.9185082651374844,18.77651313201251,0.909919951727327
prof/sinc_scope_08.csv,prof,ok,,97008,19.4014,5000.000000011653,18.761339271031684,0.9581738073919033,18.749046196821478,0.9798374747188859
prof/sinc_scope_09.csv,prof,ok,,95311,19.062,5000.000000011653,18.78062343280599,0.8437245263615456,18.782002854068786,0.8261023105234895
prof/sinc_scope_10.csv,prof,ok,,99938,19.9874,5000.000000011653,18.761632212015147,0.9209418689996314,18.74531367162579,0.9610813089270651
Resultados_Centralizados/cent_dados_calibrados_01.csv,Resultados_Centralizados,ok,,82187,82.186,1000.0000000001102,4.97645613053214,2.1987872152517713,4.97586704483532,2.1991225210297274
Resultados_Centralizados/cent_dados_calibrados_02.csv,Resultados_Centralizados,ok,,57056,57.054996,1000.0000000005542,4.977565900171014,2.3694077606040542,4.977127172921332,2.4477722772618233
Resultados_Centralizados/cent_dados_calibrados_03.csv,Resultados_Centralizados,ok,,57209,57.208,1000.0000000005542,4.981733643310632,1.1457900849902016,4.989855787687143,0.9358613133374012
Resultados_Centralizados/cent_dados_calibrados_04.csv,Resultados_Centralizados,ok,,76352,76.351,1000.0000000001102,4.976948868399543,2.5520139679108627,4.974721941357661,2.4803038512772
Resultados_Centralizados/cent_dados_calibrados_05.csv,Resultados_Centralizados,ok,,71151,71.15,1000.0000000005542,4.975334148503833,1.3113520471724178,4.979903061830399,1.7031065831322272
Resultados_Centralizados/cent_dados_calibrados_06.csv,Resultados_Centralizados,ok,,77607,77.606004,1000.0000000001102,4.986663574162674,1.5391820948595907,4.983300641470184,1.8298669880045266
Resultados_Centralizados/cent_dados_calibrados_07.csv,Resultados_Centralizados,ok,,69316,69.315,1000.0000000005542,4.977205839924277,1.5455695864006431,4.97867344360115,1.6768904936646425
Resultados_Centralizados/cent_dados_calibrados_08.csv,Resultados_Centralizados,ok,,68134,68.133,1000.0000000005542,4.97548947662236,2.88542491446789,4.983036471588852,2.6823917108068973
Resultados_Centralizados/cent_dados_calibrados_09.csv,Resultados_Centralizados,ok,,63010,63.009,1000.0000000005542,4.983335978418887,2.0208476978956997,4.982336865962902,2.1420921127125996
Resultados_Centralizados/cent_dados_calibrados_10.csv,Resultados_Centralizados,ok,,64605,64.604004,1000.0000000005542,4.984134354928852,1.873241670407447,4.973992197662055,1.5648308351741462
Resultados_Centralizados/cent_dados_calibrados_11.csv,Resultados_Centralizados,ok,,63832,63.831,1000.0000000005542,4.981827296656477,2.7805609336256376,4.98574338085816,2.501352998779969
Resultados_Centralizados/cent_dados_calibrados_12.csv,Resultados_Centralizados,ok,,59571,59.57,1000.0000000005542,4.985647378760884,2.1946129549153,4.98426023085271,2.38361641034965
Resultados_Centralizados/cent_dados_calibrados_13.csv,Resultados_Centralizados,ok,,56955,56.954,1000.0000000005542,4.986392766221709,2.3565006945542732,4.977509033259893,2.7041663978674246
Resultados_Centralizados/cent_dados_calibrados_14.csv,Resultados_Centralizados,ok,,53619,53.618,1000.0000000005542,4.97957813461922,1.8154885554164366,4.974338728782859,1.52820697639322
Resultados_Centralizados/cent_dados_calibrados_15.csv,Resultados_Centralizados,ok,,57845,57.844,1000.0000000005542,4.978822715881401,2.246946678344121,4.9756684345809195,2.131291068107803
Resultados_Centralizados/cent_dados_calibrados_16.csv,Resultados_Centralizados,ok,,54159,54.158,1000.0000000005542,4.985320999282661,2.496942361638024,4.976737090995055,2.5448593484889876
Resultados_Centralizados/cent_dados_calibrados_17.csv,Resultados_Centralizados,ok,,67801,67.8,1000.0000000005542,4.9851772097784295,1.9952560666143184,4.982357306198148,2.1106173254202125
Resultados_Centralizados/cent_dados_calibrados_19.csv,Resultados_Centralizados,ok,,60664,60.663,1000.0000000005542,4.978240801796244,2.1878064180792616,4.982620755785854,2.3944036003132383
Resultados_Centralizados/cent_dados_calibrados_20.csv,Resultados_Centralizados,ok,,65347,65.345996,1000.0000000005542,4.988752352826919,1.9026221315801308,4.988834513235055,1.947617438666209
Resultados_Centralizados/cent_dados_calibrados_21.csv,Resultados_Centralizados,ok,,63049,63.048,1000.0000000005542,4.980253453665785,1.9766842437404633,4.982453817125187,2.123613234346301
Resultados_Centralizados/cent_dados_calibrados_22.csv,Resultados_Centralizados,ok,,72148,72.147,1000.0000000005542,4.975882907359857,1.9616001917095442,4.982113632745676,2.379827463611675
Resultados_Centralizados/cent_dados_calibrados_23.csv,Resultados_Centralizados,ok,,75743,75.742,1000.0000000005542,4.990560183782125,0.7733129585217389,4.983907546480755,1.0752040955722861
Resultados_Centralizados/cent_dados_calibrados_24.csv,Resultados_Centralizados,ok,,65089,65.088,1000.0000000005542,4.977799628204144,1.6434211830956045,4.985997118484948,1.9013122397154698
Resultados_Centralizados/cent_dados_calibrados_25.csv,Resultados_Centralizados,ok,,52481,52.480004,1000.0000000005542,4.992282921441001,0.9087122665296871,4.976218074266318,0.9208782002237929
Resultados_Centralizados/cent_dados_calibrados_26.csv,Resultados_Centralizados,ok,,60128,60.127004,1000.0000000005542,4.972724853648312,2.576468127494675,4.976069941430268,2.9763969978372113
Resultados_Centralizados/cent_dados_calibrados_27.csv,Resultados_Centralizados,ok,,66397,66.396,1000.0000000005542,4.985164992396998,2.7379946254720093,4.983775559319007,2.9515944582165288
Resultados_Centralizados/cent_dados_calibrados_28.csv,Resultados_Centralizados,ok,,60615,60.614,1000.0000000005542,4.982265115898166,3.2035051901638125,4.980659295521878,3.3409015128118975
Resultados_Centralizados/cent_dados_calibrados_29.csv,Resultados_Centralizados,ok,,67532,67.531,1000.0000000005542,4.975419060596253,3.1749228085034145,4.974668864069167,3.173433146288885
Resultados_Centralizados/cent_dados_calibrados_30.csv,Resultados_Centralizados,ok,,64393,64.392,1000.0000000005542,4.985013899029054,1.4926590670372835,4.987007956620637,1.4463233910269981
Resultados_Finais_Sincronizados/sinc_dados_calibrados_02.csv,Resultados_Finais_Sincronizados,ok,,54668,54.667,1000.0000000005542,4.975488402724642,2.331996290515589,4.977127172921332,2.4477722772618233
Resultados_Finais_Sincronizados/sinc_dados_calibrados_03.csv,Resultados_Finais_Sincronizados,ok,,54737,54.736,1000.0000000005542,4.987485613025035,1.0633450228222783,4.989855787687143,0.9358613133374012
Resultados_Finais_Sincronizados/sinc_dados_calibrados_05.csv,Resultados_Finais_Sincronizados,ok,,67701,67.699996,1000.0000000005542,4.977769900004236,1.5745430060941776,4.979903061830399,1.7031065831322272
Resultados_Finais_Sincronizados/sinc_dados_calibrados_06.csv,Resultados_Finais_Sincronizados,ok,,75482,75.481004,1000.0000000005542,4.981320049815961,1.8443418134524265,4.983300641470184,1.8298669880045262
Resultados_Finais_Sincronizados/sinc_dados_calibrados_07.csv,Resultados_Finais_Sincronizados,ok,,67363,67.36200000000001,1000.0000000005542,4.987901370191147,1.4136896946698907,4.978673443609995,1.6768904936646425
Resultados_Finais_Sincronizados/sinc_dados_calibrados_09.csv,Resultados_Finais_Sincronizados,ok,,60114,60.113,1000.0000000005542,4.973882955720227,1.7646957568353934,4.97512437811221,1.8822092568656505
Resultados_Finais_Sincronizados/sinc_dados_calibrados_10.csv,Resultados_Finais_Sincronizados,ok,,61549,61.548004000000006,1000.0000000005542,4.987895822843103,1.6555982264462086,4.973992197662055,1.5648308351741462
Resultados_Finais_Sincronizados/sinc_dados_calibrados_12.csv,Resultados_Finais_Sincronizados,ok,,57209,57.208,1000.0000000005542,4.981733643310632,2.480142291895204,4.98426023085271,2.38361641034965
Resultados_Finais_Sincronizados/sinc_dados_calibrados_13.csv,Resultados_Finais_Sincronizados,ok,,54273,54.272,1000.0000000005542,4.9748493726189755,2.4838207088313213,4.977509033259893,2.7041663978674246
Resultados_Finais_Sincronizados/sinc_dados_calibrados_14.csv,Resultados_Finais_Sincronizados,ok,,50644,50.643,1000.0000000005542,4.9759102756523905,1.662227676095129,4.990790802679421,1.475670131924882
Resultados_Finais_Sincronizados/sinc_dados_calibrados_15.csv,Resultados_Finais_Sincronizados,ok,,54885,54.884,1000.0000000005542,4.974036622030634,1.9668050574539788,4.9756684345809195,2.131291068107803
Resultados_Finais_Sincronizados/sinc_dados_calibrados_16.csv,Resultados_Finais_Sincronizados,ok,,52472,52.471,1000.0000000005542,4.974081414852582,2.306606797816061,4.976737090995055,2.544859348488988
Resultados_Finais_Sincronizados/sinc_dados_calibrados_17.csv,Resultados_Finais_Sincronizados,ok,,66128,66.127,1000.0000000005542,4.975199612874763,1.657483341429946,4.982357306198148,2.1106173254202125
Resultados_Finais_Sincronizados/sinc_dados_calibrados_19.csv,Resultados_Finais_Sincronizados,ok,,58496,58.495,1000.0000000005542,4.974699124729234,1.9172421477140145,4.982620755785854,2.3944036003132383
Resultados_Finais_Sincronizados/sinc_dados_calibrados_20.csv,Resultados_Finais_Sincronizados,ok,,63187,63.186,1000.0000000005542,4.985202652447095,2.3051665440191393,4.988834513235055,1.947617438666209
Resultados_Finais_Sincronizados/sinc_dados_calibrados_21.csv,Resultados_Finais_Sincronizados,ok,,60429,60.427996,1000.0000000005542,4.9810521438409845,2.0856958636473606,4.982453817125187,2.123613234346301
Resultados_Finais_Sincronizados/sinc_dados_calibrados_22.csv,Resultados_Finais_Sincronizados,ok,,69448,69.447,1000.0000000005542,4.982144914183155,2.4543456478859533,4.982113632736826,2.3798274636116745
Resultados_Finais_Sincronizados/sinc_dados_calibrados_23.csv,Resultados_Finais_Sincronizados,ok,,73932,73.93100000000001,1000.0000000001102,4.97754693502192,0.7756905171657639,4.983907546478543,1.0752040955722861
Resultados_Finais_Sincronizados/sinc_dados_calibrados_24.csv,Resultados_Finais_Sincronizados,ok,,62175,62.17399999999999,1000.0000000005542,4.985926819463962,1.9411474010258518,4.985997118484948,1.9013122397154698
Resultados_Finais_Sincronizados/sinc_dados_calibrados_25.csv,Resultados_Finais_Sincronizados,ok,,62117,62.11599999999999,1000.0000000005542,4.990582288265238,1.5400238085431766,4.985997118484948,1.9013122397154698
Resultados_Finais_Sincronizados/sinc_dados_calibrados_30.csv,Resultados_Finais_Sincronizados,ok,,61952,61.950996,1000.0000000005542,4.987732438019293,1.4000539638966902,4.980111890828359,1.4812632388446165
resultados_limpos/sinc_dados_calibrados_11.csv,resultados_limpos,ok,,116124,116.123,999.9999999996661,4.951603458370431,1.8685345856783342,4.952797684673097,1.8634670027608367
resultados_limpos/sinc_dados_calibrados_12.csv,resultados_limpos,ok,,118676,118.675,999.9999999987779,4.963092790448618,1.9161730901731175,4.964013012618877,1.91978583266422
resultados_limpos/sinc_dados_calibrados_13.csv,resultados_limpos,ok,,117934,117.933,999.9999999987779,4.985839537362266,1.6136027708895504,4.986896674548011,1.5518317263540433
resultados_limpos/sinc_dados_calibrados_14.csv,resultados_limpos,ok,,116359,116.358,999.9999999996661,4.9845736041028745,1.598930781284021,4.985601925472182,1.5941966680123891
resultados_limpos/sinc_dados_calibrados_15.csv,resultados_limpos,ok,,122814,122.813,999.9999999987779,4.983145244021464,1.5805922752453603,4.984078637679081,1.5988069067213837
resultados_limpos/sinc_dados_calibrados_16.csv,resultados_limpos,ok,,117936,117.934996,999.9999999987779,4.985754985748892,1.5962566195277847,4.9867697944168645,1.55682310983441
resultados_limpos/sinc_dados_calibrados_17.csv,resultados_limpos,ok,,117290,117.289,999.9999999987779,4.987637479744948,1.5325860579019541,4.9884881043684235,1.4591095021484506
resultados_limpos/sinc_dados_calibrados_18.csv,resultados_limpos,ok,,121549,121.548,999.9999999987779,4.98564364987996,1.4931375812211385,4.986770633272562,1.3943686403348108
resultados_limpos/sinc_dados_calibrados_19.csv,resultados_limpos,ok,,114686,114.684996,999.9999999996661,4.987531172068159,1.4264433630240194,4.979723542491688,1.4428308371703689
resultados_limpos/sinc_dados_calibrados_20.csv,resultados_limpos,ok,,119752,119.751,999.9999999987779,4.985302959443437,1.5774469769348807,4.986635482787089,1.5047930666167315
Resultados_Sincronizados/sinc_dados_calibrados_02.csv,Resultados_Sincronizados,ok,,54499,54.498,1000.0000000005542,4.972568304008334,2.019327240771791,4.974119892811391,2.1699699648373154
Resultados_Sincronizados/sinc_dados_calibrados_03.csv,Resultados_Sincronizados,ok,,54686,54.685,1000.0000000005542,4.973850711336553,0.9365338343683554,4.974669422246114,0.9807442275125888
Resultados_Sincronizados/sinc_dados_calibrados_04.csv,Resultados_Sincronizados,ok,,74158,74.157,1000.0000000005542,4.9758623479625195,2.563902112605306,4.97989149504986,2.6294523049083223
Resultados_Sincronizados/sinc_dados_calibrados_05.csv,Resultados_Sincronizados,ok,,67637,67.636,1000.0000000005542,4.982480003551116,1.7509256589719284,4.985502100718781,1.6443792131660855
Resultados_Sincronizados/sinc_dados_calibrados_06.csv,Resultados_Sincronizados,ok,,75419,75.418004,1000.0000000005542,4.985481112189347,1.700152266267864,4.986605129840169,1.5909133309979586
Resultados_Sincronizados/sinc_dados_calibrados_07.csv,Resultados_Sincronizados,ok,,67032,67.030996,1000.0000000005542,4.982694832321654,1.7330206268553063,4.985893206350074,1.5797889454622842
Resultados_Sincronizados/sinc_dados_calibrados_08.csv,Resultados_Sincronizados,ok,,66008,66.007,1000.0000000005542,4.984244334022881,2.5054577193789713,4.973005855070812,2.629301875144344
Resultados_Sincronizados/sinc_dados_calibrados_09.csv,Resultados_Sincronizados,ok,,60055,60.054,1000.0000000005542,4.978769461329876,2.1218194929688154,4.982336865962902,2.1420921127125996
Resultados_Sincronizados/sinc_dados_calibrados_10.csv,Resultados_Sincronizados,ok,,61490,61.489004,1000.0000000005542,4.976418929910061,1.7816556384899416,4.978038067352686,1.893416198163005
Resultados_Sincronizados/sinc_dados_calibrados_11.csv,Resultados_Sincronizados,ok,,61364,61.363,1000.0000000005542,4.986637116227261,2.367303375661645,4.973339638334975,2.5023106031712796
Resultados_Sincronizados/sinc_dados_calibrados_12.csv,Resultados_Sincronizados,ok,,57148,57.147,1000.0000000005542,4.987051165397879,2.135669595708921,4.988709762120078,1.929346877718649
Resultados_Sincronizados/sinc_dados_calibrados_13.csv,Resultados_Sincronizados,ok,,54210,54.209,1000.0000000005542,4.980630879914216,2.799687685470983,4.984584710250699,2.627300783764298
Resultados_Sincronizados/sinc_dados_calibrados_14.csv,Resultados_Sincronizados,ok,,50320,50.319,1000.0000000001102,4.988076311606273,1.7073828823240431,4.992693619096776,1.2627688846774325
Resultados_Sincronizados/sinc_dados_calibrados_15.csv,Resultados_Sincronizados,ok,,54713,54.711996,1000.0000000005542,4.989673386583652,1.8286540969322147,4.985885544600777,2.219494758583045
Resultados_Sincronizados/sinc_dados_calibrados_16.csv,Resultados_Sincronizados,ok,,52409,52.408,1000.0000000005542,4.980060676604108,2.704789667523353,4.980725926494116,2.7126563936942105
Resultados_Sincronizados/sinc_dados_calibrados_17.csv,Resultados_Sincronizados,ok,,65863,65.862,1000.0000000005542,4.980034313653824,2.023017182291582,4.983287754484682,2.078195837722373
Resultados_Sincronizados/sinc_dados_calibrados_19.csv,Resultados_Sincronizados,ok,,58442,58.441,1000.0000000005542,4.979295711990714,2.316493415529629,4.982620755785854,2.3944036003132383
Resultados_Sincronizados/sinc_dados_calibrados_20.csv,Resultados_Sincronizados,ok,,63131,63.13,1000.0000000005542,4.989624748541518,1.8424509295520812,4.976464808155286,2.009611175949055
Resultados_Sincronizados/sinc_dados_calibrados_21.csv,Resultados_Sincronizados,ok,,60373,60.372,1000.0000000005542,4.985672403229372,2.0549969526054923,4.9747943751685835,1.5451208076652407
Resultados_Sincronizados/sinc_dados_calibrados_22.csv,Resultados_Sincronizados,ok,,69285,69.284,1000.0000000005542,4.979432777660262,2.3312178101340963,4.982113632745676,2.3798274636116745
Resultados_Sincronizados/sinc_dados_calibrados_23.csv,Resultados_Sincronizados,ok,,73794,73.793,1000.0000000005542,4.986855299891644,1.0268553871501982,4.983907546480755,1.0752040955722861
Resultados_Sincronizados/sinc_dados_calibrados_24.csv,Resultados_Sincronizados,ok,,62011,62.01,1000.0000000005542,4.9829868894256055,1.9878667966370227,4.985997118484948,1.9013122397154698
Resultados_Sincronizados/sinc_dados_calibrados_25.csv,Resultados_Sincronizados,ok,,50784,50.783004,1000.0000000001102,4.981884057971563,1.1876311654258993,4.976218074266318,0.9208782002237929
Resultados_Sincronizados/sinc_dados_calibrados_26.csv,Resultados_Sincronizados,ok,,57918,57.917004,1000.0000000005542,4.972547394595111,2.6197398318896,4.976069941430268,2.9763969978372113
Resultados_Sincronizados/sinc_dados_calibrados_27.csv,Resultados_Sincronizados,ok,,64438,64.437,1000.0000000005542,4.981532636024983,3.090968079511397,4.983775559319007,2.9515944582165288
Resultados_Sincronizados/sinc_dados_calibrados_28.csv,Resultados_Sincronizados,ok,,58399,58.397996,1000.0000000005542,4.982962037023944,3.264347504717303,4.98607338124825,2.901264367824707
Resultados_Sincronizados/sinc_dados_calibrados_29.csv,Resultados_Sincronizados,ok,,65552,65.551,1000.0000000005542,4.973151086163361,3.035129127247543,4.974668864069167,3.1734331462888856
Resultados_Sincronizados/sinc_dados_calibrados_30.csv,Resultados_Sincronizados,ok,,61921,61.92,1000.0000000005542,4.99022948596068,1.1935368415063146,4.988387687680629,1.324195621406837
ruim.csv,.,ok,,61717,4294.966296,999.9999997962732,4.990521249206088,1.4086811932537397,4.97986861521772,1.8946052663794186
sinc_dados_calibrados_03.csv,.,ok,,54737,54.736,1000.0000000005542,4.987485613025035,1.0633450228222783,4.989855787687143,0.9358613133374012
